,R2_adj,RMSE,MAE
W/o refundant,0.019469884042379593,2103.912738633428,20.286450428580384
"X filtered, y",0.018431513109756548,2106.1407597793554,20.283107427542795
